categorie;nbProduits;moyennePrix;moyennePoids
nourriture;3;2.6933333333333334;1.1666666666666667
papeterie;3;2.6;0.05499999999999999
