nbProduits;moyennePrix;moyennePoids
6;2.646666666666667;0.6108333333333333